,zipcode,CountyName,2010-02,2010-03,2010-04,2010-05,2010-06,2010-07,2010-08,2010-09,2010-10,2010-11,2010-12,2011-01,2011-02,2011-03,2011-04,2011-05,2011-06,2011-07,2011-08,2011-09,2011-10,2011-11,2011-12,2012-01,2012-02,2012-03,2012-04,2012-05,2012-06,2012-07,2012-08,2012-09,2012-10,2012-11,2012-12,2013-01,2013-02,2013-03,2013-04,2013-05,2013-06,2013-07,2013-08,2013-09,2013-10,2013-11,2013-12,2014-01,2014-02,2014-03,2014-04,2014-05,2014-06,2014-07,2014-08,2014-09,2014-10,2014-11,2014-12,2015-01,2015-02,2015-03,2015-04,2015-05,2015-06,2015-07,2015-08,2015-09,2015-10,2015-11,2015-12,2016-01,2016-02,2016-03,2016-04,2016-05,2016-06,2016-07,2016-08,2016-09,2016-10,2016-11,2016-12,2017-01,2017-02,2017-03,2017-04,2017-05,2017-06,2017-07,2017-08,2017-09,2017-10,2017-11,2017-12,2018-01,2018-02
0,10025,New York,,,,,,,,,2575.0,2700.0,2800.0,2700.0,2600.0,2800.0,2825.0,2900.0,2700.0,2800.0,3160.0,3000.0,2950.0,3075.0,3000.0,2850.0,2997.5,2800.0,2900.0,2900.0,2950.0,2900.0,3195.0,3200.0,3300.0,3300.0,3195.0,3150.0,3250.0,3300.0,3200.0,3250.0,3150.0,2950.0,3200.0,3307.5,3405.0,3500.0,3500.0,3440.0,3390.0,3385.0,3380.0,3400.0,3400.0,3400.0,3350.0,3400.0,3450.0,3400.0,3400.0,3400.0,3400.0,3400.0,3400.0,3400.0,3397.5,3385.0,3422.5,3500.0,3500.0,3500.0,3500.0,3500.0,3497.5,3450.0,3500.0,3495.0,3400.0,3400.0,3422.5,3450.0,3500.0,3500.0,3500.0,3470.0,3422.5,3400.0,3500.0,3440.0,3440.0,3405.0,3470.0,3402.5,3400.0,3495.0,3500.0,3402.5,3402.5
2,10023,New York,,,,,,,,,,,,,,3475.0,3400.0,3295.0,3243.0,3300.0,3450.0,3600.0,3600.0,3600.0,3450.0,3400.0,3500.0,3350.0,3350.0,3495.0,3600.0,3500.0,3500.0,3550.0,3500.0,3412.5,3400.0,3400.0,3395.0,3425.0,3337.5,3300.0,3399.0,3400.0,3360.0,3500.0,3500.0,3500.0,3600.0,3675.0,3675.0,3700.0,3795.0,3700.0,3950.0,3750.0,3800.0,3800.0,3878.0,3799.5,3750.0,3800.0,3712.5,3750.0,3762.5,3795.0,3800.0,3850.0,3800.0,3800.0,3800.0,3775.0,3795.0,3795.0,3800.0,3800.0,3750.0,3750.0,3700.0,3650.0,3650.0,3500.0,3600.0,3595.0,3600.0,3695.0,3670.0,3696.0,3700.0,3750.0,3750.0,3800.0,3700.0,3600.0,3587.5,3700.0,3700.0,3700.0,3550.0
8,10002,New York,,,,,,,,,,,,,,,,,,,,,,2800.0,3000.0,2695.0,2800.0,2700.0,2650.0,2750.0,2795.0,2750.0,2695.0,2695.0,2800.0,2800.0,2850.0,2850.0,2800.0,2850.0,2800.0,2800.0,2850.0,2987.5,3095.0,2925.0,2700.0,3100.0,2700.0,2995.0,3000.0,3100.0,3112.5,3112.5,3125.0,3200.0,3300.0,3347.5,3195.0,3300.0,3300.0,3397.5,3200.0,3197.5,3125.0,3112.5,3195.0,3200.0,3300.0,3125.0,3125.0,3050.0,3125.0,3197.5,3197.5,3175.0,3000.0,3050.0,3100.0,3100.0,3100.0,2900.0,2937.5,2850.0,2800.0,3125.0,3300.0,3195.0,3200.0,3225.0,3295.0,3295.0,3112.5,2850.0,3100.0,2920.0,3050.0,3050.0,3100.0
10,10467,Bronx,,,,,,,,,,,,,,,,,,,,,,,,,,,,,,,,,,,,,,,,,,,,,,,,,,,,,,,,,,,,,,,,,,,,,,,,,,,,,,,,,,1150.0,1150.0,1125.0,1200.0,1250.0,1150.0,1150.0,1150.0,1175.0,1175.0,1175.0,1175.0,1200.0,1150.0,1295.0,1400.0
13,11226,Kings,,,,,,,,,,,,,,,,,,,,,,,,,,,,,,,,,,,,,,,,,,,,,,,,,,,,,,,,,,,,,,,,,1900.0,1950.0,1845.0,1800.0,1799.0,1800.0,1845.0,1900.0,1900.0,1847.5,1800.0,1800.0,1800.0,1800.0,1625.0,1662.5,1697.5,1875.0,1650.0,1725.0,1547.5,1545.0,1499.0,1545.0,1650.0,1675.0,1547.5,1499.0,1522.5,1499.5,1499.5,1500.0,1625.0
14,10016,New York,,,,,,,,,,,,,,,2900.0,2900.0,2995.0,3000.0,3000.0,2999.0,3027.5,3100.0,3000.0,2995.0,3000.0,3000.0,3050.0,3125.0,3200.0,3195.0,3195.0,3200.0,3200.0,3200.0,3195.0,3100.0,3100.0,3150.0,3195.0,3200.0,3200.0,3200.0,3200.0,3200.0,3395.0,3400.0,3400.0,3475.0,3475.0,3455.0,3400.0,3395.0,3348.5,3400.0,3500.0,3500.0,3500.0,3500.0,3495.0,3500.0,3500.0,3500.0,3475.0,3500.0,3500.0,3500.0,3500.0,3500.0,3500.0,3512.5,3500.0,3500.0,3500.0,3500.0,3550.0,3550.0,3480.0,3500.0,3500.0,3497.5,3450.0,3450.0,3400.0,3500.0,3500.0,3500.0,3540.0,3500.0,3550.0,3512.5,3500.0,3500.0,3500.0,3497.5,3500.0,3540.0,3400.0
15,11235,Kings,,,,,,,,,,,,,,,,,,,,,,,,,,1400.0,1412.5,1400.0,1452.5,1400.0,1475.0,1550.0,1575.0,1550.0,1600.0,1550.0,1562.5,1650.0,1675.0,1700.0,1700.0,1600.0,1587.5,1700.0,1825.0,1837.5,1800.0,1850.0,1900.0,1900.0,1925.0,2000.0,1985.5,2125.0,2150.0,2100.0,2100.0,2000.0,2000.0,2000.0,2000.0,2200.0,2300.0,2450.0,2500.0,2700.0,2495.0,2550.0,2500.0,2850.0,2900.0,2500.0,2700.0,2500.0,2300.0,2400.0,2250.0,2000.0,2050.0,2100.0,2150.0,2500.0,2600.0,2500.0,2400.0,2300.0,2325.0,2325.0,2300.0,2400.0,2500.0,2500.0,2500.0,2400.0,2500.0,2500.0,2375.0
20,10009,New York,,,,,,,,,,,,,,2599.5,2400.0,2597.5,2672.5,2850.0,2950.0,2939.0,2995.0,2950.0,2997.5,3177.5,3100.0,2960.0,2900.0,3000.0,3020.0,3000.0,3200.0,3250.0,3250.0,3250.0,3150.0,3100.0,3100.0,3000.0,3000.0,3150.0,3150.0,3000.0,3100.0,3200.0,3300.0,3395.0,3400.0,3400.0,3350.0,3300.0,3300.0,3300.0,3300.0,3480.0,3447.5,3400.0,3497.5,3422.5,3320.0,3325.0,3495.0,3447.5,3400.0,3400.0,3450.0,3450.0,3450.0,3422.5,3450.0,3450.0,3400.0,3400.0,3390.0,3382.5,3390.0,3390.0,3400.0,3400.0,3395.0,3400.0,3362.5,3307.5,3337.5,3350.0,3350.0,3390.0,3472.5,3500.0,3500.0,3500.0,3445.0,3497.5,3472.5,3395.0,3400.0,3422.5,3320.0
22,10011,New York,,,,,,,,,,,,,,3200.0,3272.5,3295.0,3200.0,3200.0,3225.0,3237.5,3295.0,3500.0,3450.0,3395.0,3495.0,3500.0,3500.0,3500.0,3500.0,3495.0,3500.0,3500.0,3500.0,3550.0,3500.0,3500.0,3400.0,3395.0,3495.0,3500.0,3595.0,3600.0,3695.0,3600.0,3712.5,3850.0,3750.0,3800.0,3800.0,3800.0,3800.0,3800.0,4000.0,3850.0,3895.0,3800.0,3800.0,3750.0,3750.0,3825.0,3800.0,3897.5,3950.0,3900.0,3900.0,3950.0,3850.0,3900.0,3900.0,3900.0,3900.0,3900.0,3900.0,3850.0,3850.0,3795.0,3795.0,3700.0,3800.0,3625.0,3750.0,3762.5,3500.0,3800.0,3800.0,3897.5,3992.5,3900.0,3762.5,3850.0,3800.0,3850.0,3950.0,3900.0,3800.0,3800.0,3772.5
23,10029,New York,,,,,,,,,,,,,,,,,,,2895.0,2550.0,2475.0,2620.0,2600.0,2600.0,2600.0,2350.0,2495.0,2500.0,2499.0,2600.0,2450.0,2495.0,2695.0,2795.0,2850.0,2800.0,2897.5,2900.0,2800.0,2800.0,2500.0,2500.0,2700.0,2900.0,3200.0,2995.0,2972.5,3095.0,3150.0,3095.0,3000.0,3000.0,3097.5,3295.0,3300.0,3375.0,3300.0,3300.0,3300.0,3300.0,3300.0,3200.0,3200.0,3200.0,3200.0,3300.0,3300.0,3300.0,3300.0,3300.0,3297.5,3300.0,3300.0,3400.0,3325.0,3300.0,3325.0,3374.5,3325.0,3300.0,3400.0,3300.0,3375.0,3297.5,3300.0,3200.0,3295.0,3200.0,3300.0,3300.0,3300.0,3350.0,3300.0,3325.0,3295.0,3247.5,3297.5
24,10128,New York,,,,,,,,,3225.0,3017.5,2985.0,2950.0,2500.0,2600.0,2600.0,2685.0,2650.0,2775.0,2872.5,2895.0,2900.0,2900.0,2900.0,2775.0,2725.0,2640.0,2650.0,2750.0,2675.0,2700.0,2700.0,2750.0,2800.0,2800.0,2775.0,2750.0,2795.0,2700.0,2700.0,2659.0,2595.0,2450.0,2600.0,2792.5,2950.0,3000.0,2950.0,2900.0,2950.0,2950.0,2945.0,2900.0,2895.0,3000.0,3000.0,3000.0,2997.0,2950.0,2962.5,2962.5,2997.5,2985.0,3000.0,3037.5,3097.5,3095.0,3055.0,3000.0,3000.0,3000.0,3007.5,3000.0,3015.0,3050.0,3055.0,3000.0,3000.0,3000.0,3000.0,2895.0,3000.0,2895.0,2980.0,3000.0,3000.0,3000.0,3000.0,3065.0,3055.0,3060.0,3000.0,3000.0,2950.0,2997.5,3000.0,3000.0,2945.0
31,11201,Kings,,,,,,,,,,,,,,,,,,,,,,,,,,,,,,,,,,,,,,,,,,,,,,,,,,,,,,,,,,,,,,,,,,,,,,,,,,,,,,,,,,3600.0,3150.0,3350.0,3450.0,3450.0,3452.0,3495.5,3375.0,3340.0,3200.0,3383.0,3391.0,3154.0,3242.0,3170.0,3190.0
38,10462,Bronx,,,,,,,,,,,,,,,,,,,1250.0,1250.0,1175.0,1125.0,1100.0,1100.0,1150.0,1150.0,1200.0,1297.5,1300.0,1275.0,1300.0,1275.0,1225.0,1125.0,1200.0,1200.0,1200.0,1250.0,1250.0,1200.0,1250.0,1250.0,1200.0,1172.5,1100.0,1149.0,1149.0,1125.0,1150.0,1130.0,1125.0,1200.0,1245.0,1265.0,1255.0,1250.0,1225.0,1200.0,1202.0,1215.0,1250.0,1250.0,1350.0,1300.0,1300.0,1290.0,1297.5,1300.0,1340.0,1340.0,1400.0,1375.0,1340.0,1387.0,1362.5,1350.0,1340.0,1485.0,1290.0,1387.5,1310.0,1352.5,1380.0,1425.0,1400.0,1400.0,1400.0,1400.0,1400.0,1437.5,1437.5,1450.0,1500.0,1495.0,1450.0,1450.0,1450.0
40,10003,New York,,,,,,,,,,,,,3395.0,3067.5,3000.0,3017.5,3000.0,3017.5,3300.5,3200.0,3350.0,3297.5,3200.0,3100.0,3150.0,3020.0,3100.0,3250.0,3495.0,3400.0,3400.0,3550.0,3650.0,3500.0,3400.0,3390.0,3400.0,3450.0,3400.0,3500.0,3500.0,3495.0,3500.0,3500.0,3750.0,3895.0,3895.0,3850.0,3800.0,3800.0,3800.0,3800.0,3800.0,3872.5,3895.0,3900.0,3895.0,3750.0,3650.0,3895.0,3895.0,3895.0,3950.0,3995.0,3950.0,3925.0,3900.0,3995.0,3995.0,3950.0,3995.0,3995.0,3995.0,3995.0,3895.0,3895.0,3800.0,3800.0,3895.0,3895.0,3800.0,3872.5,3750.0,3895.0,3900.0,3995.0,3995.0,3995.0,3995.0,3995.0,3895.0,3897.5,3895.0,3895.0,3895.0,3872.5,3800.0
48,10463,Bronx,,,,,,,,,,,,,,,,,,1950.0,1800.0,1700.0,1700.0,1500.0,1695.0,1500.0,1750.0,1750.0,1850.0,1800.0,1825.0,1700.0,1700.0,1650.0,1700.0,1750.0,1750.0,1800.0,1825.0,1775.0,1800.0,1850.0,1950.0,1950.0,1775.0,1775.0,1825.0,1837.5,1825.0,1825.0,1825.0,1825.0,1850.0,1995.0,1985.0,2050.0,1997.5,2050.0,2050.0,2000.0,1995.0,2000.0,1950.0,1962.5,1975.0,1995.0,2200.0,2250.0,2200.0,2100.0,2100.0,2050.0,2050.0,2100.0,2100.0,2100.0,2000.0,1995.0,1995.0,2000.0,2000.0,1962.5,1950.0,1950.0,2000.0,2100.0,1950.0,1900.0,1900.0,1995.0,2100.0,2100.0,1887.5,1825.0,1825.0,1950.0,1950.0,1975.0,2100.0
49,11209,Kings,,,,,,,,,,,,,,,,,,,,,,,,,,,,,,,,,,,,,,,,,,,,,,,,,,,,,,,,,,,,,,,,,,,,,,,,,,,,,,,,,,2300.0,2025.0,1950.0,1912.5,1950.0,2000.0,2050.0,2122.5,2100.0,1875.0,2050.0,1950.0,1950.0,1957.5,1875.0,2000.0
56,10024,New York,,,,,,,,,,,,,,3002.5,3000.0,2999.0,3000.0,3275.0,3397.5,3595.0,3850.0,3670.0,3575.0,3235.0,3295.0,3097.5,3095.0,3250.0,3300.0,3350.0,3300.0,3315.0,3337.5,3300.0,3299.0,3275.0,3250.0,3295.0,3250.0,3299.0,3220.0,3200.0,3200.0,3400.0,3300.0,3300.0,3299.0,3295.0,3295.0,3292.5,3295.0,3300.0,3300.0,3500.0,3300.0,3300.0,3350.0,3300.0,3397.0,3399.5,3300.0,3300.0,3300.0,3397.0,3500.0,3490.0,3450.0,3495.0,3400.0,3360.0,3397.0,3400.0,3400.0,3447.5,3400.0,3400.0,3412.5,3300.0,3300.0,3300.0,3300.0,3400.0,3300.0,3337.5,3350.0,3300.0,3300.0,3397.0,3400.0,3400.0,3399.5,3337.5,3300.0,3300.0,3300.0,3300.0,3300.0
68,11229,Kings,,,,,,,,,,,,,,,,,,,,,,,,,,,,,,,,,,,,,,,,,,,,,,,,,,,,,,,,,,,,,,,,,,,,,,,,,,,,,,,,,,,2495.0,2300.0,2200.0,2100.0,2076.0,2350.0,2350.0,2300.0,2600.0,2500.0,2300.0,2200.0,2275.0,2300.0,2125.0
74,10458,Bronx,,,,,,,,,,,,,,,,,,,,,,,,,,,,,,,,,,,,,,,,,,,,,,,,,,,,,,,,,,,,,,,,,,,,,,,,,,,,,,,,1300.0,1150.5,1225.0,1200.0,1200.0,1200.0,1262.5,1300.0,1350.0,1350.0,1500.0,1350.0,1350.0,1350.0,1500.0,1325.0,1300.0,1325.0
75,11221,Kings,,,,,,,,,,,,,,,,,,,,,1600.0,1675.0,1575.0,1535.0,1575.0,1600.0,1600.0,1650.0,1700.0,1750.0,1800.0,1700.0,1700.0,1700.0,1700.0,1700.0,1750.0,1800.0,1900.0,2000.0,1995.0,1950.0,2000.0,2100.0,2200.0,2200.0,2200.0,2200.0,2075.0,2050.0,2100.0,2200.0,2125.0,2395.0,2400.0,2400.0,2500.0,2500.0,2400.0,2400.0,2200.0,2250.0,2350.0,2500.0,2500.0,2500.0,2500.0,2500.0,2563.0,2599.0,2599.0,2699.0,2600.0,2595.0,2500.0,2500.0,2500.0,2495.0,2500.0,2547.5,2700.0,2700.0,2400.0,2400.0,2400.0,2400.0,2400.0,2400.0,2500.0,2400.0,2424.5,2549.0,2472.5,2400.0,2210.0,2472.5,2447.5
77,10019,New York,,,3700.0,4000.0,3500.0,3500.0,3625.0,3600.0,3500.0,3500.0,3600.0,3475.0,2900.0,2820.0,3107.5,3197.5,3200.0,3295.0,3317.0,3300.0,3475.0,3450.0,3300.0,3295.0,3295.0,3251.5,3250.0,3295.0,3264.0,3300.0,3307.5,3399.0,3495.0,3500.0,3400.0,3395.0,3350.0,3302.0,3350.0,3395.0,3430.0,3419.0,3400.0,3400.0,3500.0,3590.0,3500.0,3540.0,3544.0,3557.0,3590.0,3522.0,3591.0,3500.0,3500.0,3500.0,3591.0,3590.0,3564.0,3590.0,3564.0,3599.5,3595.0,3622.0,3625.0,3613.0,3600.0,3625.0,3650.0,3619.0,3650.0,3650.0,3650.0,3619.0,3590.0,3591.0,3544.0,3550.0,3572.5,3500.0,3534.0,3567.0,3497.5,3541.0,3572.5,3570.0,3597.0,3600.0,3619.0,3600.0,3525.5,3550.0,3534.0,3500.0,3541.0,3500.0,3500.0
91,11355,Queens,,,,,,,,,,,,,,,,,,,,,,1525.0,1400.0,1375.0,1400.0,1535.0,1400.0,1500.0,1600.0,1450.0,1550.0,1500.0,1500.0,1457.5,1500.0,1500.0,1600.0,1600.0,1550.0,1550.0,1600.0,1600.0,1550.0,1631.0,1850.0,1800.0,1850.0,1850.0,1825.0,1800.0,1850.0,1950.0,1925.0,2050.0,2100.0,2057.5,1975.0,1900.0,1900.0,1900.0,2000.0,2100.0,1975.0,2000.0,1975.0,2000.0,1975.0,2000.0,2100.0,2100.0,2200.0,2275.0,2400.0,2200.0,2187.5,2200.0,2000.0,2100.0,2100.0,2100.0,2300.0,2000.0,2200.0,2100.0,2100.0,2200.0,2280.0,2290.0,2250.0,2350.0,2500.0,2450.0,2400.0,2225.0,2325.0,2200.0,2000.0
95,10314,Richmond,,,,,,,,,,,,,,,,,,,,,,,,,,,,,,,,,,,,,,,,,,,,,,,,,,,,,,,,,,,,,,,,,,,,,,,,,,,,,,,,,,,2100.0,2150.0,2000.0,2000.0,2200.0,2375.0,2200.0,2275.0,2275.0,2200.0,2175.0,2200.0,2200.0,2250.0,2100.0
99,11215,Kings,,,,,,,,,,,,,,,,,,,,,,,,,,,,,,,,,,,,,,,,,,,,,,,,,,,,,,,,,,,,,3000.0,3200.0,3000.0,2875.0,3199.0,3100.0,3100.0,2800.0,3000.0,3000.0,3200.0,3079.5,2950.0,2850.0,2700.0,2850.0,2700.0,2997.5,2800.0,2850.0,2795.0,2695.0,2900.0,2874.5,2850.0,2850.0,2850.0,2950.0,3100.0,2992.5,2975.0,2932.5,2860.0,2900.0,2700.0,2750.0,2800.0
118,11211,Kings,,,,,,,,,,,,,,,,,,,,,3300.0,3320.0,3100.0,2800.0,2800.0,2775.0,2800.0,2825.0,2825.0,2950.0,2950.0,3300.0,3200.0,3100.0,3100.0,3200.0,3000.0,3000.0,3000.0,3097.0,3195.0,3000.0,3000.0,3000.0,3200.0,3000.0,3000.0,3000.0,3000.0,3025.0,3100.0,3197.5,3200.0,3300.0,3350.0,3350.0,3299.5,3200.0,3200.0,3300.0,3197.5,3195.0,3270.0,3250.0,3395.0,3395.0,3400.0,3400.0,3254.5,3200.0,3200.0,3325.0,3400.0,3300.0,3300.0,3265.0,3282.5,3200.0,3249.0,3200.0,3650.0,3350.0,2995.0,3200.0,3210.0,3265.0,3250.0,3200.0,3200.0,3257.5,3195.0,3172.5,3195.0,3195.0,2997.5,2975.0,2995.0
127,11385,Queens,,,,,,,,,,,,,,,,,,,,,,,1400.0,1300.0,1300.0,1350.0,1350.0,1425.0,1450.0,1450.0,1500.0,1550.0,1500.0,1500.0,1500.0,1500.0,1500.0,1600.0,1600.0,1724.5,1650.0,1600.0,1675.0,1750.0,1695.0,1725.0,1800.0,1700.0,1600.0,1600.0,1650.0,1800.0,1787.5,1700.0,1800.0,1999.0,1775.0,2000.0,1995.0,2000.0,2000.0,1800.0,1997.5,2000.0,2200.0,2225.0,2175.0,2350.0,2375.0,2400.0,2487.0,2350.0,2500.0,2550.0,2450.0,2400.0,2500.0,2300.0,2100.0,2400.0,2200.0,2349.0,2400.0,2350.0,2299.0,2195.0,2124.5,2299.0,2299.0,2200.0,2200.0,2100.0,2300.0,2200.0,2049.5,2100.0,2150.0
142,10028,New York,,,,,,,,,,,,,2295.0,2372.5,2400.0,2450.0,2449.5,2450.0,2595.0,2495.0,2695.0,2597.5,2550.0,2450.0,2550.0,2500.0,2500.0,2600.0,2650.0,2650.0,2750.0,2700.0,2795.0,2700.0,2600.0,2600.0,2525.0,2500.0,2600.0,2550.0,2500.0,2400.0,2400.0,2700.0,2875.0,2950.0,2945.0,2948.0,2900.0,2897.5,2950.0,2900.0,2900.0,2850.0,3000.0,3000.0,3000.0,3000.0,2959.0,2985.0,2946.0,2950.0,2950.0,2995.0,3000.0,3100.0,2995.0,3000.0,2995.0,2995.0,2950.0,2995.0,3049.5,2995.0,2995.0,2945.0,2900.0,2995.0,2895.0,2900.0,2944.0,2950.0,2850.0,2995.0,2995.0,2995.0,2950.0,2995.0,2995.0,2955.0,2997.0,2995.0,2945.0,2944.0,2900.0,2945.0,2895.0
160,11238,Kings,,,,,,,,,,,,,,,,,,,,,,,,,,,,,,,,,,,,,,,,,,,,,,,,,,,,,,,,,,,,,,,,,,,,,,,,,,,,,,,,,,,2700.0,2750.0,2897.0,3000.0,3000.0,2950.0,3000.0,3000.0,2900.0,2895.0,2872.5,2947.5,3000.0,2897.5,2650.0
197,10027,New York,,,,,,,,,,,,,,,,,,,1900.0,2050.0,1975.0,2181.5,1995.0,1862.5,1875.0,2000.0,1900.0,1900.0,2200.0,2150.0,2250.0,2300.0,2497.5,2400.0,2200.0,2250.0,2295.0,2200.0,2250.0,2300.0,2450.0,2450.0,2450.0,2350.0,2425.0,2375.0,2495.0,2500.0,2600.0,2595.0,2600.0,2650.0,2650.0,2595.0,2673.0,2650.0,2625.0,2595.0,2650.0,2650.0,2600.0,2600.0,2650.0,2696.0,2698.0,2650.0,2650.0,2650.0,2700.0,2700.0,2725.0,2698.0,2698.0,2750.0,2772.5,2750.0,2650.0,2597.5,2700.0,2650.0,2698.0,2597.5,2750.0,2625.0,2650.0,2650.0,2685.5,2650.0,2772.5,2772.5,2673.0,2650.0,2750.0,2700.0,2650.0,2650.0,2650.0
231,11218,Kings,,,,,,,,,,,,,,,,,,,,,,,,,,,,,,,,,,,,,,,,,,,,,,,,,,,,,,,,,,,,,,,,,,,,,,,,,,,,,,,,,2150.0,2500.0,2350.0,2350.0,2600.0,2499.0,2499.0,2300.0,2600.0,2550.0,2475.0,2395.0,2375.0,2200.0,2137.5,2350.0,2150.0
240,10021,New York,,,,,,,,,,,,,2250.0,2550.0,2695.0,2695.0,2685.0,2695.0,2695.0,2800.0,3000.0,3250.0,3395.0,3433.0,3025.0,2872.5,2800.0,2800.0,2750.0,2750.0,2750.0,2797.5,2895.0,2900.0,3000.0,3000.0,2925.0,2800.0,2800.0,2800.0,2695.0,2600.0,2800.0,3100.0,3100.0,3250.0,3295.0,3262.5,3200.0,3200.0,3295.0,3300.0,3395.0,3400.0,3495.0,3550.0,3500.0,3500.0,3525.0,3497.5,3400.0,3450.0,3450.0,3297.5,3400.0,3492.5,3400.0,3495.0,3575.0,3472.5,3500.0,3500.0,3450.0,3450.0,3500.0,3500.0,3450.0,3400.0,3200.0,3195.0,3295.0,3450.0,3195.0,3450.0,3550.0,3697.5,3862.5,3837.5,3725.0,3700.0,3400.0,3462.0,3450.0,3450.0,3400.0,3400.0,3395.0
314,10032,New York,,,,,,,,,,,,,,,1390.0,1395.0,1395.0,1400.0,1500.0,1587.5,1485.0,1550.0,1575.0,1640.0,1595.0,1575.0,1595.0,1650.0,1750.0,1650.0,1650.0,1700.0,1650.0,1650.0,1725.0,1700.0,1800.0,1845.0,1825.0,1895.0,1895.0,1900.0,1900.0,1800.0,1800.0,1850.0,1862.5,1850.0,1825.0,1895.0,1900.0,1899.0,1900.0,1897.5,1895.0,1895.0,1850.0,1850.0,1850.0,1850.0,1850.0,1850.0,1850.0,1850.0,1895.0,1897.5,1897.5,1895.0,1900.0,1897.5,1895.0,1895.0,1900.0,1900.0,1850.0,1850.0,1872.5,1850.0,1895.0,1872.5,1895.0,1825.0,1850.0,1897.5,1962.5,1895.0,1895.0,1897.5,1950.0,1900.0,1872.5,1850.0,1825.0,1825.0,1850.0,1850.0,1850.0
371,10031,New York,,,,,,,,,,,,,,,,,,,,,,,,,,,,,,,,,,,,,,,,,,,,2100.0,2000.0,2000.0,2000.0,2000.0,2025.0,2000.0,2000.0,2000.0,2075.0,2000.0,2197.5,2172.5,2172.5,2000.0,2000.0,2000.0,2000.0,2000.0,2000.0,2000.0,2150.0,2000.0,2000.0,2000.0,2197.5,2000.0,2100.0,2050.0,2100.0,2200.0,2195.0,2000.0,2000.0,2000.0,2100.0,2000.0,2000.0,2000.0,2000.0,2000.0,2050.0,2100.0,2247.5,2395.0,2295.0,2200.0,2200.0,2195.0,2195.0,2000.0,2000.0,2000.0,2000.0
406,11216,Kings,,,,,,,,,,,,,,,,,,,,,,1675.0,1599.0,1700.0,1650.0,1600.0,1600.0,1700.0,1650.0,1650.0,1700.0,1795.0,1790.0,1700.0,1650.0,1675.0,1750.0,1800.0,1890.0,2000.0,2050.0,2100.0,2200.0,2100.0,2100.0,2195.0,2149.5,2199.0,2299.5,2300.0,2250.0,2200.0,2200.0,2300.0,2300.0,2300.0,2300.0,2300.0,2382.5,2325.0,2300.0,2370.0,2350.0,2375.0,2399.0,2400.0,2370.0,2370.0,2350.0,2450.0,2400.0,2400.0,2550.0,2550.0,2395.0,2500.0,2500.0,2545.0,2450.0,2499.0,2500.0,2400.0,2300.0,2300.0,2300.0,2400.0,2300.0,2296.0,2200.0,2300.0,2300.0,2300.0,2350.0,2300.0,2299.0,2250.0,2300.0
437,10014,New York,,,,,,,,,,,,3300.0,3200.0,3150.0,3195.0,3150.0,3297.5,3295.0,3445.0,3395.0,3325.0,3200.0,3197.5,3195.0,3150.0,3200.0,3300.0,3495.0,3400.0,3450.0,3495.0,3595.0,3600.0,3600.0,3500.0,3495.0,3400.0,3399.5,3395.0,3500.0,3430.0,3400.0,3495.0,3490.0,3400.0,3501.5,3501.5,3500.0,3500.0,3575.0,3700.0,3795.0,3950.0,3695.0,3575.0,3600.0,3700.0,3600.0,3600.0,3800.0,3800.0,3772.5,3697.5,3800.0,3800.0,3800.0,3800.0,3800.0,3895.0,3800.0,3800.0,3772.5,3800.0,3800.0,3700.0,3700.0,3503.0,3500.0,3600.0,3503.0,3500.0,3600.0,3467.5,3700.0,3750.0,3825.0,3800.0,3800.0,3800.0,3800.0,3795.0,3770.0,3700.0,3700.0,3575.0,3700.0,3600.0
460,11354,Queens,,,,,,,,,,,,,,,,,,,,,,,,,,,,,,,,,,,,,,,,,,,,,,,,,,,2200.0,2100.0,2100.0,2000.0,2100.0,2100.0,2100.0,2100.0,1900.0,2100.0,2100.0,2100.0,2200.0,2100.0,2100.0,2125.0,2300.0,2450.0,2300.0,2450.0,2450.0,2500.0,2450.0,2300.0,2100.0,2100.0,1950.0,1950.0,2100.0,2100.0,2100.0,2250.0,2200.0,2250.0,2500.0,2500.0,2500.0,2500.0,2500.0,2600.0,2500.0,2500.0,2400.0,2450.0,2500.0,2475.0,2500.0
523,11374,Queens,,,,,,,,,,,,,,,,,,,,1650.0,1625.0,1700.0,1850.0,1700.0,1700.0,1650.0,1500.0,1550.0,1600.0,1600.0,1750.0,1695.0,1750.0,1750.0,1725.0,1700.0,1697.5,1678.5,1685.0,1800.0,1750.0,1750.0,1800.0,1900.0,2000.0,1850.0,1875.0,1850.0,1850.0,1825.0,1850.0,1897.5,1900.0,1850.0,1850.0,1897.5,1875.0,1897.5,1950.0,1885.0,1850.0,1900.0,1800.0,1875.0,1962.5,2100.0,2200.0,2250.0,2200.0,2225.0,2150.0,2100.0,2100.0,2025.0,1987.5,2100.0,2200.0,2000.0,2188.0,1997.0,2049.5,2200.0,2100.0,2099.0,2100.0,2000.0,2300.0,2100.0,2300.0,2275.0,2100.0,2100.0,2100.0,2100.0,2125.0,2100.0,2200.0
586,10033,New York,,,,,,,,,,,,,,,,,,1500.0,1600.0,1650.0,1475.0,1650.0,1650.0,1650.0,1550.0,1600.0,1650.0,1675.0,1662.5,1650.0,1800.0,1850.0,1800.0,1750.0,1772.5,1750.0,1725.0,1725.0,1700.0,1800.0,1800.0,1850.0,1800.0,1600.0,1800.0,1795.0,1650.0,1650.0,1625.0,1674.5,1672.5,1800.0,1950.0,1800.0,1950.0,1950.0,1800.0,1950.0,1950.0,1850.0,1972.5,1800.0,1800.0,1950.0,1950.0,1850.0,1850.0,1850.0,1800.0,1800.0,1800.0,1800.0,1850.0,1900.0,1875.0,1800.0,1800.0,1950.0,1800.0,1725.0,1800.0,1875.0,1800.0,1800.0,1800.0,1800.0,1800.0,1800.0,1950.0,2000.0,1975.0,1975.0,1975.0,1975.0,1950.0,1875.0,2000.0
594,10036,New York,,,,,,,,,,,,,,,,,,,,,,,,,,3200.0,3278.0,3250.0,3300.0,3300.0,3367.0,3350.0,3400.0,3350.0,3320.0,3275.0,3290.0,3295.0,3290.0,3295.0,3295.0,3250.0,3100.0,3250.0,3572.5,3695.0,3595.0,3597.5,3600.0,3600.0,3600.0,3500.0,3600.0,3595.0,3550.0,3600.0,3700.0,3562.5,3595.0,3600.0,3595.0,3600.0,3650.0,3600.0,3595.0,3595.0,3597.5,3595.0,3595.0,3595.0,3600.0,3500.0,3595.0,3595.0,3595.0,3437.5,3400.0,3300.0,3325.0,3300.0,3425.0,3475.0,3350.0,3400.0,3400.0,3412.5,3595.0,3595.0,3450.0,3525.0,3400.0,3399.5,3397.0,3300.0,3400.0,3399.0,3399.5
681,10010,New York,,,,,,,,,,,,,2947.0,2995.0,3095.0,3227.5,3287.5,3390.0,3387.5,3295.0,3174.5,3197.0,3095.0,2975.0,3200.0,3100.0,3162.5,3300.0,3400.0,3450.0,3495.0,3400.0,3450.0,3450.0,3400.0,3400.0,3450.0,3450.0,3450.0,3450.0,3400.0,3400.0,3400.0,3300.0,3400.0,3500.0,3500.0,3500.0,3500.0,3600.0,3602.5,3600.0,3800.0,3500.0,3500.0,3550.0,3602.5,3400.0,3695.0,3750.0,3780.0,3775.0,3790.0,3800.0,3750.0,3700.0,3700.0,3737.5,3700.0,3695.0,3650.0,3695.0,3695.0,3640.0,3500.0,3602.5,3500.0,3500.0,3500.0,3500.0,3500.0,3500.0,3472.5,3500.0,3500.0,3550.0,3602.5,3630.0,3695.0,3700.0,3662.5,3695.0,3630.0,3695.0,3662.5,3617.5,3500.0
815,10461,Bronx,,,,,,,,,,,,,,,,,,,,,,,,,,,,,,,,,,,,,,,,,,,,,,,,,,,,,,,,,,,,,,,,,,,,,,,,,,,,,,,,,,,,1595.0,1800.0,1937.5,1937.5,1800.0,1800.0,1800.0,1775.0,1772.5,1650.0,1700.0,1800.0,1800.0,1700.0
871,10022,New York,,,,,,,,,4200.0,3900.0,3875.0,3500.0,3300.0,3000.0,3000.0,3100.0,3500.0,3750.0,4200.0,4200.0,4195.0,3547.5,3450.0,3395.0,3350.0,3200.0,3200.0,3395.0,3450.0,3400.0,3300.0,3395.0,3395.0,3400.0,3200.0,3195.0,3200.0,3200.0,3200.0,3300.0,3200.0,3100.0,3200.0,3200.0,3345.0,3500.0,3500.0,3500.0,3550.0,3575.0,3672.5,3500.0,3490.0,3587.5,3562.5,3500.0,3500.0,3500.0,3500.0,3500.0,3500.0,3500.0,3495.0,3525.0,3700.0,3695.0,3500.0,3560.0,3500.0,3560.0,3650.0,3695.0,3650.0,3672.5,3750.0,3672.5,3500.0,3500.0,3422.5,3299.0,3495.0,3495.0,3200.0,3500.0,3500.0,3495.0,3500.0,3500.0,3500.0,3500.0,3495.0,3495.0,3500.0,3495.0,3400.0,3495.0,3237.5
952,11222,Kings,,,,,,,,,,,,,,,,,,,,,,,,,,,,,,,,,,,,,,,,,,,,,,,,,,,,,,,,,,,,,,,,,,,,,,,,,,,,,,,,,,,2800.0,2800.0,2800.0,3000.0,3000.0,2999.5,3175.0,2850.0,2875.0,3000.0,2800.0,2700.0,2795.0,2800.0,2600.0
1013,10065,New York,,,,,,,,,,,,,,,,,,,,,,,,,,,,,,,,,,,,,,,,,,,,,,,,,,,,,,,,,,,,,,,,,,,,,,,,,,,,,4033.0,4300.0,4250.0,4425.0,4500.0,4700.0,4300.0,4850.0,4500.0,4500.0,4500.0,4500.0,4595.0,4850.0,4300.0,4550.0,4859.0,4850.0,4772.5,4850.0,4300.0
1054,10040,New York,,,,,,,,,,,,,,1200.0,1250.0,1260.0,1295.0,1350.0,1350.0,1500.0,1295.0,1360.0,1350.0,1400.0,1395.0,1410.0,1325.0,1300.0,1320.0,1350.0,1398.5,1425.0,1400.0,1397.0,1399.5,1360.0,1393.0,1444.0,1450.0,1475.0,1500.0,1500.0,1595.0,1450.0,1549.5,1524.5,1524.5,1500.0,1500.0,1500.0,1524.5,1549.0,1500.0,1550.0,1549.0,1549.0,1572.5,1550.0,1550.0,1550.0,1550.0,1549.5,1549.5,1549.5,1549.5,1549.5,1550.0,1572.5,1550.0,1550.0,1549.5,1550.0,1550.0,1549.5,1549.0,1549.0,1549.0,1549.5,1572.5,1549.0,1549.0,1549.5,1550.0,1600.0,1600.0,1572.5,1550.0,1572.5,1595.0,1550.0,1549.5,1550.0,1549.5,1549.5,1550.0,1550.0,1597.5
1084,11101,Queens,,,,,,,,,,,,,,,,,,,,,,,,,1995.0,2160.0,2200.0,2247.5,2280.0,2395.0,2410.0,2595.0,2600.0,2500.0,2600.0,2407.0,2450.0,2715.0,2525.0,2595.0,2566.0,2650.0,2700.0,2695.0,2775.0,2769.0,2769.0,2775.0,2775.0,2775.0,2775.0,2755.0,2725.0,2750.0,2775.0,2755.0,2775.0,2800.0,2800.0,2794.0,2775.0,2775.0,2776.0,2795.0,2823.0,2762.0,2772.0,2824.0,2900.0,2900.0,2823.0,2835.0,2824.0,2776.0,2794.5,2777.0,2824.0,2775.0,2900.0,2795.0,2823.5,2795.0,2755.0,2795.0,2829.5,2823.5,2823.0,2829.5,2824.0,2830.0,2797.5,2850.0,2800.0,2800.0,2795.0,2777.0,2775.0
1130,11205,Kings,,,,,,,,,,,,,,,,,,,,,,,,,,2275.0,2275.0,2300.0,2375.0,2400.0,2500.0,2400.0,2300.0,2299.5,2299.0,2300.0,2300.0,2350.0,2500.0,2700.0,2700.0,2675.0,2700.0,2750.0,2675.0,2650.0,2550.0,2700.0,2700.0,2700.0,2700.0,2750.0,2750.0,2750.0,2800.0,2750.0,2800.0,2862.5,2750.0,2897.5,2850.0,2960.0,2988.0,2850.0,2629.0,2850.0,2700.0,3000.0,2750.0,2800.0,2875.0,3000.0,3100.0,2987.5,2750.0,2787.5,2850.0,3000.0,2850.0,3070.0,3088.0,3089.0,2925.0,3087.5,2901.5,2950.0,2825.0,2800.0,2750.0,2800.0,2874.5,2950.0,2875.0,2700.0,2722.5,2711.0,2700.0
1197,10034,New York,,,,,,,,,,,,,,,,,,1325.0,1275.0,1395.0,1262.5,1325.0,1350.0,1375.0,1350.0,1300.0,1295.0,1350.0,1329.0,1350.0,1388.0,1475.0,1412.5,1350.0,1375.0,1375.0,1400.0,1475.0,1495.0,1450.0,1450.0,1450.0,1450.0,1449.0,1400.0,1450.0,1450.0,1400.0,1450.0,1400.0,1400.0,1450.0,1450.0,1450.0,1425.0,1450.0,1450.0,1450.0,1450.0,1472.5,1450.0,1450.0,1450.0,1425.0,1425.0,1450.0,1450.0,1450.0,1450.0,1450.0,1450.0,1450.0,1450.0,1450.0,1425.0,1450.0,1400.0,1400.0,1400.0,1425.0,1450.0,1425.0,1450.0,1425.0,1450.0,1450.0,1450.0,1450.0,1450.0,1450.0,1425.0,1425.0,1450.0,1450.0,1450.0,1450.0,1450.0
1211,11217,Kings,,,,,,,,,,,,,,,,,,,,,,,,,,,,,,,,,,,,,,,,,,,,,,,,,,,,,,,,,,,,,,,,,,,,3200.0,3100.0,3100.0,3300.0,3275.0,3330.5,3200.0,3450.0,3450.0,3300.0,3361.0,3050.0,3400.0,3400.0,3400.0,3200.0,3100.0,3100.0,3049.5,3300.0,3361.0,3550.0,3325.0,3300.0,3100.0,3100.0,3250.0,3180.5,3300.0,3150.0
1321,10026,New York,,,,,,,,,,,,,,,,,,,2250.0,2200.0,2395.0,2295.0,2492.0,2395.0,2500.0,2400.0,2358.0,2337.5,2400.0,2481.0,2400.0,2400.0,2600.0,2600.0,2500.0,2500.0,2595.0,2595.0,2495.0,2495.0,2500.0,2495.0,2450.0,2400.0,2495.0,2500.0,2500.0,2525.0,2525.0,2550.0,2595.0,2500.0,2580.0,2500.0,2595.0,2553.0,2587.5,2526.5,2553.0,2566.5,2580.0,2600.0,2625.0,2500.0,2650.0,2625.0,2500.0,2500.0,2500.0,2500.0,2553.0,2500.0,2500.0,2500.0,2500.0,2553.0,2625.0,2526.5,2650.0,2526.5,2587.5,2500.0,2500.0,2500.0,2500.0,2566.5,2622.5,2750.0,2697.5,2670.0,2672.5,2587.5,2550.0,2500.0,2580.0,2580.0,2587.5
1408,11365,Queens,,,,,,,,,,,,,,,,,,,,,,,,,,,,,,,,,,,,,,,,,,,,,,,,,,,,,,,,,,,,,,,,,,,,,,,,,,,,,,,,,,,,,2200.0,2300.0,2375.0,2775.0,2650.0,2800.0,2800.0,2750.0,2600.0,2500.0,2400.0,2375.0,2400.0
1441,10013,New York,,,,,,,,,,,,,,,,,,,,,,,5750.0,5797.5,5045.0,4797.5,4797.5,4700.0,4597.5,4450.0,4350.0,4500.0,4497.5,4500.0,4500.0,4450.0,4300.0,4500.0,4500.0,4500.0,4350.0,4495.0,4595.0,4750.0,5050.0,5400.0,5347.5,5495.0,5500.0,5600.0,6000.0,5500.0,5500.0,5495.0,5547.5,5495.0,5300.0,5400.0,5500.0,6000.0,5500.0,5995.0,5824.5,5995.0,5572.5,5595.0,5497.5,5400.0,5400.0,5400.0,5400.0,5400.0,5547.5,5500.0,5500.0,5500.0,5395.0,5395.0,5400.0,5400.0,5400.0,5147.5,5050.0,5400.0,5775.0,5800.0,5595.0,5722.5,5750.0,5750.0,5500.0,5500.0,5495.0,5500.0,5522.5,5500.0,5495.0
1444,11367,Queens,,,,,,,,,,,,,,,,,,,,,,,,,,,,,,,,,,,,,,,,,,,,,,,,,,,,,,,,,,,,,,,,,,,,,,,,,,,,,,,,,,,1850.0,2100.0,2050.0,1875.0,2100.0,2372.5,2322.5,2222.5,2200.0,2200.0,2200.0,2100.0,1900.0,2100.0,2200.0
1522,11231,New York,,,,,,,,,,,,,,,,,,,,,,,,,,,,,,,,,,,,,,,,,,,,,,,,,,,,,,,,,,,,,,,,,,,,,,,,,,,,,,,,,,,,3100.0,3100.0,3200.0,3050.0,3300.0,3600.0,3500.0,3208.0,2897.5,3200.0,3097.5,3200.0,3000.0,3100.0
1526,10035,New York,,,,,,,,,,,,,,,,,,,,,,2187.5,2297.5,2075.0,2100.0,2200.0,2295.0,2100.0,2000.0,2275.0,2275.0,2172.5,2269.0,2100.0,2300.0,2275.0,2197.5,2297.5,2350.0,2300.0,2399.0,2300.0,2150.0,2100.0,1850.0,1947.0,1997.5,2100.0,2100.0,2100.0,2100.0,2100.0,1999.0,1995.0,2100.0,1995.0,1924.5,1850.0,1562.5,1825.0,2038.0,2019.0,1995.0,2125.0,2100.0,2100.0,2100.0,2100.0,2000.0,2019.0,1997.5,1997.5,2038.0,2100.0,2025.0,2100.0,2016.5,1899.0,2100.0,1825.0,1950.0,1899.5,1850.0,2100.0,2100.0,2200.0,2350.0,2300.0,2325.0,2299.5,2019.0,2100.0,2100.0,2100.0,2100.0,2100.0,2100.0
1544,10001,New York,,,,,,,,,,,,,,,,,3300.0,3302.0,3352.5,3052.5,3075.0,3500.0,3500.0,3400.0,3415.0,3350.0,3302.0,3375.0,3400.0,3297.5,3400.0,3410.5,3450.0,3397.0,3387.0,3335.0,3400.0,3450.0,3500.0,3587.5,3495.0,3425.0,3495.0,3495.0,3425.0,3487.5,3487.5,3495.0,3480.0,3470.0,3500.0,3500.0,3600.0,3475.0,3500.0,3500.0,3500.0,3500.0,3487.5,3500.0,3550.0,3600.0,3500.0,3500.0,3500.0,3600.0,3500.0,3600.0,3500.0,3475.0,3462.5,3475.0,3500.0,3470.0,3427.5,3400.0,3427.5,3400.0,3455.0,3348.0,3400.0,3487.5,3400.0,3487.5,3500.0,3500.0,3500.0,3497.5,3480.0,3480.0,3455.0,3470.0,3475.0,3387.5,3412.5,3470.0,3495.0
1556,10075,New York,,,,,,,,,,,,,,2400.0,2350.0,2245.0,2270.0,2450.0,2575.0,2625.0,2585.0,2450.0,2600.0,2475.0,2372.5,2495.0,2500.0,2600.0,2435.0,2400.0,2400.0,2400.0,2425.0,2400.0,2475.0,2400.0,2500.0,2525.0,2650.0,2600.0,2500.0,2400.0,2450.0,2500.0,2505.0,2700.0,2695.0,2700.0,2725.0,2800.0,2950.0,2800.0,3150.0,2750.0,2700.0,2572.5,2682.5,2575.0,2600.0,2750.0,2750.0,2750.0,2800.0,2800.0,2800.0,2800.0,2750.0,2800.0,2800.0,2797.5,2800.0,2800.0,2800.0,2800.0,2725.0,2725.0,2575.0,2510.0,2550.0,2550.0,2650.0,2600.0,2500.0,2550.0,2750.0,2700.0,2750.0,2700.0,2750.0,2750.0,2700.0,2665.0,2750.0,2750.0,2682.5,2600.0,2700.0
1597,11249,Kings,,,,,,,,,,,,,,,,,,,,,,,,,,3175.0,3500.0,3452.5,3500.0,3399.0,3800.0,3950.0,3800.0,3799.0,3500.0,3550.0,3800.0,3797.0,3675.0,3500.0,3462.0,3395.0,3350.0,3400.0,3550.0,3550.0,3425.0,3500.0,3500.0,3500.0,3500.0,3500.0,3650.0,3637.5,4000.0,3950.0,3800.0,3800.0,3800.0,3950.0,4000.0,3600.0,3550.0,3595.0,3700.0,3799.0,3850.0,4000.0,4200.0,4000.0,3995.0,3995.0,3575.0,3662.5,3725.0,3675.0,3550.0,3650.0,3575.0,3500.0,3700.0,3512.5,3537.5,3600.0,3800.0,3650.0,3750.0,3625.0,3599.0,3570.0,3712.5,3900.0,3675.0,3525.0,3647.5,3550.0,3537.5
1633,10012,New York,,,,,,,,,,,,,,,,,,,,,,,,3200.0,3320.0,3450.0,3395.0,3295.0,3300.0,3295.0,3297.5,3200.0,3350.0,3395.0,3350.0,3350.0,3275.0,3300.0,3349.5,3300.0,3275.0,3200.0,3350.0,3350.0,3350.0,3400.0,3425.0,3450.0,3397.5,3470.0,3645.0,3425.0,3495.0,3325.0,3350.0,3450.0,3595.0,3500.0,3525.0,3495.0,3495.0,3547.5,3600.0,3500.0,3495.0,3595.0,3595.0,3500.0,3500.0,3500.0,3595.0,3595.0,3497.5,3500.0,3495.0,3350.0,3450.0,3450.0,3350.0,3350.0,3350.0,3450.0,3297.5,3500.0,3700.0,3700.0,3597.5,3500.0,3500.0,3675.0,3495.0,3470.0,3450.0,3470.0,3350.0,3350.0,3450.0
1721,11357,Queens,,,,,,,,,,,,,,,,,,,,,,,,,,,,,,,,,,,,,,,,,,,,,,,,,,,,,,,,,,,,,,,,,,,,,,,,,,,,,,,,,,,,2300.0,2375.0,2300.0,2465.0,2400.0,2440.0,2415.0,2550.0,2600.0,2300.0,2300.0,2480.0,2440.0,2500.0
1883,11364,Queens,,,,,,,,,,,,,,,,,,,,,,,,,,,,,,,,,,,,,,,,,,,,,,,,,,,,,,,,,,,,,,,,,,,,,,,,,,,,,,,,,,,2380.0,2100.0,2250.0,2500.0,2250.0,2250.0,2300.0,2499.0,2600.0,2600.0,2400.0,2400.0,2400.0,2350.0,2500.0
2048,11358,Queens,,,,,,,,,,,,,,,,,,,,,,,,,,,,,,,,,,,,,,,,,,,,,,,,,,,,,,,,,,,,,,,,,,,,,,,,,,,,,,,,,,,,2200.0,2200.0,2300.0,2200.0,2300.0,2100.0,2200.0,2100.0,2100.0,2100.0,2125.0,2300.0,2500.0,2200.0
2052,10030,New York,,,,,,,,,,,,,,,,,,,,,,1550.0,1550.0,1645.0,1672.5,1710.0,1750.0,1779.0,1725.0,1709.0,1709.0,1700.0,1697.5,1670.0,1650.0,1650.0,1650.0,1650.0,1700.0,1700.0,1700.0,1600.0,1650.0,1700.0,1800.0,1775.0,1775.0,1775.0,1775.0,1775.0,1762.5,1795.0,1775.0,1700.0,1700.0,1785.0,1795.0,1785.0,1797.5,1850.0,1850.0,1850.0,1962.5,1975.0,1800.0,1900.0,1897.5,2100.0,2100.0,2200.0,2100.0,1939.5,2100.0,2050.0,1939.5,1775.0,1775.0,1700.0,1775.0,1950.0,1700.0,1879.0,1797.5,1879.0,1800.0,2100.0,1950.0,2100.0,1914.5,1800.0,1939.5,1914.5,2000.0,2087.5,2000.0,1987.0,1997.5
2166,10017,New York,,,,,,,,,,,,2825.0,2800.0,2872.5,2895.0,2900.0,2900.0,2925.0,3000.0,3000.0,3225.0,3100.0,3000.0,3000.0,3000.0,2995.0,2900.0,2900.0,3000.0,3000.0,3000.0,3000.0,3150.0,3150.0,3000.0,3000.0,3050.0,3050.0,3150.0,3200.0,3200.0,3195.0,3200.0,3250.0,3350.0,3200.0,3200.0,3225.0,3375.0,3350.0,3399.5,3400.0,3385.0,3300.0,3300.0,3400.0,3400.0,3400.0,3400.0,3495.0,3387.5,3400.0,3375.0,3300.0,3300.0,3400.0,3400.0,3400.0,3350.0,3225.0,3200.0,3200.0,3200.0,3275.0,3200.0,3350.0,3250.0,3300.0,3250.0,3200.0,3200.0,3300.0,3175.0,3350.0,3350.0,3350.0,3400.0,3400.0,3400.0,3325.0,3350.0,3400.0,3200.0,3200.0,3200.0,3300.0,3100.0
2212,10038,New York,,,,,,,,,,,,,,3000.0,2950.0,2950.0,3000.0,3100.0,3100.0,3100.0,3095.0,3180.0,3100.0,3150.0,3150.0,3100.0,3110.0,3093.5,3192.5,3195.0,3200.0,3226.0,3295.0,3245.0,3200.0,3250.0,3249.0,3200.0,3200.0,3250.0,3235.0,3200.0,3255.0,3295.0,3400.0,3300.0,3400.0,3400.0,3300.0,3295.0,3295.0,3300.0,3295.0,3300.0,3300.0,3295.0,3385.0,3412.5,3395.0,3375.0,3295.0,3350.0,3362.5,3400.0,3375.0,3362.5,3387.5,3350.0,3325.0,3425.0,3497.5,3437.5,3387.5,3425.0,3380.0,3350.0,3375.0,3295.0,3350.0,3300.0,3295.0,3295.0,3295.0,3295.0,3295.0,3297.5,3295.0,3300.0,3362.5,3387.5,3362.5,3300.0,3295.0,3295.0,3295.0,3297.5,3225.0
2382,10037,New York,,,,,,,,,,,,,,,,,,,,1567.5,1595.0,1625.0,1625.0,1600.0,1750.0,1800.0,1675.0,1737.5,1852.5,1805.0,1697.5,1700.0,1675.0,1675.0,1675.0,1675.0,1675.0,1650.0,1675.0,1682.5,1700.0,1655.0,1725.0,1725.0,1725.0,1725.0,1725.0,1725.0,1725.0,1725.0,1725.0,1737.5,1750.0,1725.0,1737.5,1737.5,1750.0,1737.5,1725.0,1725.0,1725.0,1725.0,1725.0,1725.0,1725.0,1762.5,1762.5,1737.5,1762.5,1750.0,1737.5,1762.5,1750.0,1775.0,1725.0,1737.5,1725.0,1725.0,1725.0,1725.0,1725.0,1725.0,1725.0,1750.0,1762.5,1799.0,1745.0,1762.5,1762.5,1750.0,1725.0,1725.0,1725.0,1725.0,1725.0,1725.0,1725.0
2562,11361,Queens,,,,,,,,,,,,,,,,,,,,,,,,,,,,,,,,,,,,,,,,,,,,,,,,,,,,,,,,,,,,,,,,,,,,,,,,,,,,,,,,,,,,,2440.0,2500.0,2500.0,2425.0,2400.0,2250.0,2500.0,2600.0,2400.0,2400.0,2500.0,2500.0,2375.0
2678,11360,Queens,,,,,,,,,,,,,,,,,,,,,,,,,,,,,,,,,,,,,,,,,,,,,,,,,,,,,,,,,,,,,,,,,,,,,,,,,,,,,,,,,,,,2700.0,2525.0,2650.0,2562.5,2500.0,2600.0,2550.0,2500.0,2625.0,2825.0,2600.0,2500.0,2500.0,2500.0
2937,11356,Queens,,,,,,,,,,,,,,,,,,,,,,,,,,,,,,,,,,,,,,,,,,,,,,,,,,,,,,,,,,,,,,,,,,,,,,,,,,,,,,,,,,,,,2000.0,2150.0,2500.0,2350.0,2325.0,2375.0,2450.0,2500.0,2400.0,2275.0,2200.0,2200.0,2200.0
2952,10018,New York,,,,,,,,,,,,,,,,,,,,,,,,,,,,,,,,,,,,,,,,,,,,,,,,,,,,,,,,,,,,,,,,3497.5,3500.0,3500.0,3501.5,3500.0,3400.0,3447.5,3500.0,3500.0,3699.0,3549.5,3395.0,3395.0,3395.0,3395.0,3495.0,3395.0,3395.0,3397.5,3379.5,3495.0,3497.5,3503.0,3499.0,3400.0,3400.0,3400.0,3495.0,3397.5,3400.0,3397.5,3395.0,3400.0,3395.0
2973,10005,New York,,,,,,,,,,,,,3900.0,3458.0,3375.0,3400.0,3675.0,3700.0,3895.0,3797.5,3700.0,3600.0,3535.0,3549.0,3600.0,3500.0,3550.0,3550.0,3545.0,3545.0,3500.0,3466.5,3500.0,3545.0,3475.0,3450.0,3359.5,3300.0,3220.0,3395.0,3295.0,3495.0,3492.5,3583.0,3995.0,4175.0,4000.0,4000.0,4000.0,3995.0,4000.0,4025.0,4095.0,3999.5,4050.0,4000.0,4050.0,4150.0,4072.5,4050.0,4095.0,3950.0,3997.5,4000.0,3995.0,4025.0,3910.0,3997.5,4095.0,3972.5,3800.0,3950.0,3905.0,3907.5,3811.0,3791.0,3800.0,3905.0,3872.5,3795.5,3800.0,3795.5,3750.0,3750.0,3781.0,3811.0,3800.0,3795.5,3800.0,3800.0,3895.0,3800.0,3805.5,3795.5,3897.5,3895.0,3907.5
3035,10280,New York,,,,,,,,,,,,,,2892.5,2875.0,2860.0,2892.5,3200.0,3275.0,3200.0,3000.0,2992.5,3195.0,3075.0,3200.0,3200.0,3190.0,3175.0,3250.0,3300.0,3500.0,3495.0,3595.0,3595.0,3287.5,3200.0,3200.0,3200.0,3200.0,3200.0,3200.0,3200.0,3387.5,3412.5,3300.0,3250.0,3295.0,3300.0,3325.0,3350.0,3350.0,3450.0,3495.0,3550.0,3550.0,3550.0,3462.5,3500.0,3500.0,3550.0,3475.0,3500.0,3500.0,3500.0,3500.0,3500.0,3500.0,3625.0,3600.0,3700.0,3650.0,3500.0,3550.0,3500.0,3750.0,3500.0,3485.0,3495.0,3500.0,3485.0,3500.0,3495.0,3462.5,3495.0,3475.0,3495.0,3485.0,3495.0,3600.0,3599.5,3495.0,3485.0,3495.0,3400.0,3495.0,3495.0,3475.0
3050,11109,New York,,,,,,,,,,,,,,,,,,,,,,,,,2625.0,2677.5,2692.5,2705.0,2640.0,2772.5,2865.0,2900.0,2845.0,2850.0,2788.0,2670.0,2760.0,2980.0,3010.0,2895.0,2850.0,2921.5,2900.0,2827.5,2822.5,2885.0,2906.5,2906.5,2869.0,2906.5,2885.0,2928.0,2906.5,2928.0,2928.0,2926.5,2906.5,2939.0,2928.0,2928.0,2928.0,2975.0,2975.0,2975.0,3015.0,2928.0,2928.0,2939.0,2939.0,2928.0,2928.0,2928.0,2928.0,2928.0,2885.0,2928.0,2880.0,2869.0,2863.0,2875.0,2869.0,2875.0,2875.0,2939.0,2928.0,2875.0,2875.0,2906.5,2928.0,2928.0,2928.0,2928.0,2906.5,2863.0,2875.0,2869.0,2875.0
3063,10069,New York,,,,,,,,,,,,,,,,,,3900.0,3972.5,4050.0,4100.0,4055.0,4040.0,4075.0,4387.5,4460.0,3877.5,4055.0,4077.5,4395.0,4150.0,4000.0,4362.5,4405.0,4395.0,4195.0,4195.0,4165.0,4350.0,4495.0,4570.0,4682.5,4735.0,4675.0,4080.0,4397.5,4850.0,4500.0,5000.0,5200.0,5150.0,4377.5,4377.5,4312.5,4300.0,4387.5,4700.0,4600.0,4600.0,4832.5,4500.0,4400.0,4250.0,4100.0,4100.0,4090.0,4070.0,4197.5,4147.5,4397.5,4795.0,4832.5,4750.0,4815.0,4795.0,4805.0,4500.0,4080.0,4112.5,4362.5,4387.5,4350.0,4052.5,4200.0,4017.5,4070.0,4112.5,4052.5,4112.5,4052.5,4070.0,4172.5,4387.5,4395.0,4377.5,4380.0,4707.5
3069,10007,New York,,,,,,,,,,,,,,,,,,,,,,,,,,,,,,,,,,,,,,,,,,,,,,,,,,,,,,,,,,,,,,,,,,,,,,,,,,,,,,,,4822.5,5295.0,5595.0,5284.0,6000.0,6350.0,6895.0,6900.0,6850.0,6800.0,6500.0,5497.5,5500.0,6000.0,5595.0,5795.0,5595.0,5795.0
3073,10282,New York,,,,,,,,,,,,,,,4862.5,4950.0,4760.0,4295.0,4742.5,4395.0,3867.5,4395.0,4475.0,3995.0,4200.0,4295.0,4797.5,5200.0,5270.5,5190.0,5400.0,5565.0,5490.0,5495.0,4900.0,4995.0,5175.0,4995.0,5295.0,5500.0,5395.0,5495.0,4850.0,5347.5,5297.5,5347.5,5347.5,5300.0,5297.5,5297.5,5300.0,5347.5,5515.0,5347.5,5530.0,5647.5,5530.0,5500.0,5395.0,5297.5,5260.0,5295.0,5187.5,5297.5,5297.5,5347.5,5297.5,5297.5,5347.5,5300.0,5300.0,5395.0,5347.5,5395.0,5395.0,5300.0,5297.5,5260.0,5295.0,5395.0,5262.5,5262.5,5262.5,5262.5,5300.0,5262.5,5347.5,5262.5,5300.0,5262.5,5262.5,5262.5,5262.5,5262.5,5262.5,5262.5,5395.0
3075,10006,New York,,,,,,,,,,,,,,,,,,,,,,,,,2800.0,2950.0,2945.0,2930.0,2975.0,2954.0,3025.0,3150.0,3140.0,3060.0,3050.0,3000.0,2995.0,2995.0,2995.0,3000.0,3000.0,3000.0,2995.0,3117.5,3300.0,3750.0,3847.5,3800.0,3925.0,3999.0,3996.5,4000.0,4000.0,4200.0,4225.0,4000.0,4050.0,3999.0,3600.0,3497.5,3700.0,3497.5,3697.5,3695.0,3747.5,3800.0,3700.0,3547.5,3825.0,3847.5,3750.0,3995.0,3995.0,4000.0,3995.0,3895.0,3650.0,3550.0,3700.0,3485.0,3392.5,3495.0,3490.0,3495.0,3695.0,3700.0,3800.0,3800.0,3500.0,3497.5,3575.0,3600.0,3595.0,3550.0,3499.5,3597.5,3750.0
3079,10004,New York,,,,,,,,,,,,,,2972.0,3022.5,3200.0,3500.0,3500.0,3500.0,3995.0,3900.0,3650.0,3687.0,3695.0,3712.5,3650.0,3595.0,3595.0,3692.5,3695.0,3700.0,3672.5,3695.0,3900.0,3652.5,3625.0,3600.0,3650.0,3600.0,3600.0,3500.0,3600.0,3595.0,3595.0,3500.0,3500.0,3500.0,3450.0,3200.0,3400.0,3400.0,3500.0,3575.0,3300.0,3525.0,3695.0,3550.0,3500.0,3500.0,3550.0,3550.0,3550.0,3500.0,3550.0,3500.0,3500.0,3500.0,3800.0,3912.5,3750.0,3800.0,3500.0,3500.0,3500.0,3500.0,3500.0,3700.0,3700.0,3800.0,3997.5,3959.5,3972.5,3950.0,3675.0,3825.0,3675.0,3550.0,3725.0,3725.0,3500.0,3950.0,3972.5,4200.0,4145.0,4095.0,4147.5,4147.5
